epoch,accuracy,loss
0,0.9226155877113342,0.182029128074646
1,0.925537645816803,0.17468872666358948
2,0.9264655709266663,0.17261023819446564
3,0.9269245862960815,0.17159079015254974
4,0.9272701144218445,0.17052604258060455
5,0.9278870820999146,0.169830322265625
6,0.9279759526252747,0.16932497918605804
7,0.9282178282737732,0.16882367432117462
8,0.9284349679946899,0.16820433735847473
9,0.9283609390258789,0.1679217666387558
10,0.9286571145057678,0.16727863252162933
11,0.9286324381828308,0.16725613176822662
12,0.928869366645813,0.1667901575565338
13,0.9289878010749817,0.16630220413208008
14,0.9291161298751831,0.16625529527664185
15,0.9293777346611023,0.16588495671749115
16,0.9296492338180542,0.16556905210018158
17,0.9296541213989258,0.1653803139925003
18,0.9297133684158325,0.16491806507110596
19,0.9295751452445984,0.16483931243419647
20,0.9298367500305176,0.1646372228860855
21,0.9296343922615051,0.1641826033592224
22,0.929831862449646,0.16422683000564575
23,0.9301131963729858,0.16403022408485413
24,0.9304044246673584,0.16354648768901825
25,0.9302908778190613,0.16341866552829742
26,0.9305179119110107,0.16294683516025543
27,0.9302316308021545,0.1627185344696045
28,0.9307942986488342,0.16217443346977234
29,0.9306117296218872,0.16251187026500702
30,0.9309571981430054,0.1627962738275528
31,0.9311447739601135,0.1616348773241043
32,0.930976927280426,0.16160452365875244
33,0.9311793446540833,0.16092854738235474
34,0.9310213923454285,0.16083574295043945
35,0.9314606785774231,0.16055044531822205
36,0.9319592118263245,0.1598202884197235
37,0.9323491454124451,0.15968985855579376
38,0.9320233464241028,0.1592409908771515
39,0.9323046803474426,0.15921887755393982
40,0.9323195219039917,0.1592254340648651
41,0.9321615695953369,0.15870597958564758
42,0.9325811266899109,0.15829090774059296
43,0.9325465559959412,0.15819388628005981
44,0.9327144026756287,0.15775927901268005
45,0.9329315423965454,0.15748748183250427
46,0.9332622289657593,0.15679749846458435
47,0.9331388473510742,0.1566440910100937
48,0.9333264231681824,0.1562328189611435
49,0.9334547519683838,0.15598148107528687
50,0.9336274862289429,0.15571388602256775
51,0.9339286088943481,0.1554790735244751
52,0.9343530535697937,0.15441840887069702
53,0.9340766668319702,0.15430784225463867
54,0.9345752000808716,0.15383882820606232
55,0.9345209002494812,0.15335534512996674
56,0.9344024658203125,0.15353281795978546
57,0.9350588917732239,0.15269123017787933
58,0.9352514147758484,0.15248516201972961
59,0.9350786805152893,0.15214841067790985
60,0.9353106617927551,0.15208519995212555
61,0.9352908730506897,0.15143637359142303
62,0.9352415204048157,0.15144531428813934
63,0.9358042478561401,0.15057188272476196
64,0.9358338117599487,0.15120016038417816
65,0.9356018304824829,0.15106312930583954
66,0.9364409446716309,0.14919234812259674
67,0.9361398816108704,0.14959445595741272
68,0.9365149736404419,0.14880435168743134
69,0.9373590350151062,0.147783562541008
70,0.9367371201515198,0.14795467257499695
71,0.9369345307350159,0.14732763171195984
72,0.9371122121810913,0.14753329753875732
73,0.9375959634780884,0.146659255027771
74,0.9377736449241638,0.14633113145828247
75,0.9377242922782898,0.14587190747261047
76,0.9378427267074585,0.14583255350589752
77,0.9379019737243652,0.14620161056518555
78,0.938563346862793,0.14478100836277008
79,0.9385436177253723,0.1444123089313507
80,0.9388200044631958,0.14376868307590485
81,0.9388151168823242,0.14509747922420502
82,0.9386176466941833,0.14382429420948029
83,0.9391359090805054,0.1429980844259262
84,0.939525842666626,0.14260487258434296
85,0.939441978931427,0.14244364202022552
86,0.9399009943008423,0.14156946539878845
87,0.9397677183151245,0.14188607037067413
88,0.9398022890090942,0.14131279289722443
89,0.9402218461036682,0.14109523594379425
90,0.940587043762207,0.1402338743209839
91,0.9406512379646301,0.14025352895259857
92,0.9408091902732849,0.1396045833826065
93,0.9413077235221863,0.1390102058649063
94,0.941031277179718,0.13898175954818726
95,0.9412385821342468,0.1384972184896469
96,0.9415150284767151,0.1384236216545105
97,0.9406512379646301,0.1402236819267273
98,0.941426157951355,0.13874602317810059
99,0.9419000148773193,0.1367664337158203
100,0.9418506622314453,0.13619297742843628
101,0.9421172142028809,0.13728898763656616
102,0.9423689246177673,0.1360277235507965
103,0.942512035369873,0.1359737664461136
104,0.9428871870040894,0.1356019377708435
105,0.9426108002662659,0.1357119381427765
106,0.9426009058952332,0.13592982292175293
107,0.9433659315109253,0.1340828835964203
108,0.943869411945343,0.1330670863389969
109,0.9436867833137512,0.13372457027435303
110,0.9438496828079224,0.13320907950401306
111,0.9438299536705017,0.13358449935913086
112,0.9438891410827637,0.13287398219108582
113,0.9441457986831665,0.13228347897529602
114,0.943770706653595,0.13271820545196533
115,0.9445752501487732,0.13145877420902252
116,0.9441507458686829,0.131269171833992
117,0.9446789026260376,0.13121363520622253
118,0.944831907749176,0.13103778660297394
119,0.9447233080863953,0.1309271603822708
120,0.945152759552002,0.1307813823223114
121,0.945152759552002,0.12966690957546234
122,0.9450491070747375,0.1310964822769165
123,0.9448714256286621,0.13002565503120422
124,0.9455574750900269,0.12924997508525848
125,0.9455673694610596,0.12850458920001984
126,0.9458042979240417,0.12843288481235504
127,0.94562166929245,0.12799565494060516
128,0.9461004137992859,0.12771762907505035
129,0.9458141326904297,0.1289563924074173
130,0.9469592571258545,0.12660379707813263
131,0.9464163184165955,0.12739650905132294
132,0.9456611275672913,0.13151757419109344
133,0.946139931678772,0.12827375531196594
134,0.9467223286628723,0.12592343986034393
135,0.9464212656021118,0.12693852186203003
136,0.9471814036369324,0.12602274119853973
137,0.9469543099403381,0.12561216950416565
138,0.946756899356842,0.12639445066452026
139,0.9469148516654968,0.12524603307247162
140,0.947077751159668,0.12523947656154633
141,0.9468901753425598,0.12687110900878906
142,0.9475071430206299,0.12457969039678574
143,0.947729229927063,0.12429193407297134
144,0.9476157426834106,0.12406879663467407
145,0.9475071430206299,0.12478889524936676
146,0.9479563236236572,0.12357369065284729
147,0.9476305246353149,0.1233915239572525
148,0.9479612708091736,0.12329810112714767
149,0.9486868381500244,0.12238387763500214
150,0.9484054446220398,0.12290386110544205
151,0.9484400153160095,0.12262672930955887
152,0.9486473202705383,0.12266413122415543
153,0.948716402053833,0.12288627028465271
154,0.9488793015480042,0.12121438980102539
155,0.9484005570411682,0.12351665645837784
156,0.9484646916389465,0.12193071842193604
157,0.9482722282409668,0.12268121540546417
158,0.9487509727478027,0.12395778298377991
159,0.9474478960037231,0.12478680163621902
160,0.9486522674560547,0.12234166264533997
161,0.9494321346282959,0.12080460041761398
162,0.9492495059967041,0.12083505094051361
163,0.9497184157371521,0.12039640545845032
164,0.949086606502533,0.12134083360433578
165,0.9497578740119934,0.12001363933086395
166,0.9493679404258728,0.1208382323384285
167,0.9502712488174438,0.11928004026412964
168,0.9497381448745728,0.1202617958188057
169,0.9494765400886536,0.11981871724128723
170,0.9501577019691467,0.1195838674902916
171,0.9501330256462097,0.11895019561052322
172,0.95009845495224,0.11919714510440826
173,0.9501083493232727,0.11910932511091232
174,0.9499602913856506,0.11926136910915375
175,0.9503255486488342,0.11807175725698471
176,0.9498862028121948,0.1184140220284462
177,0.9504292011260986,0.11843688040971756
178,0.9502959251403809,0.11859692633152008
179,0.9506463408470154,0.1177317202091217
180,0.9506512880325317,0.11828604340553284
181,0.9505525827407837,0.11772262305021286
182,0.9504587650299072,0.11787312477827072
183,0.951134979724884,0.11692630499601364
184,0.9503008127212524,0.11782068759202957
185,0.9513867497444153,0.1159668117761612
186,0.9517568945884705,0.1165250614285469
187,0.9516384601593018,0.11616886407136917
188,0.9513275027275085,0.11603425443172455
189,0.9513965845108032,0.1160697340965271
190,0.9509474635124207,0.11694744229316711
191,0.9517766833305359,0.11578253656625748
192,0.951480507850647,0.11547479778528214
193,0.9513521790504456,0.11628730595111847
194,0.9514064788818359,0.11589554697275162
195,0.9513818025588989,0.11668089777231216
196,0.9522209167480469,0.11444717645645142
197,0.9515150785446167,0.11562828719615936
198,0.9514657258987427,0.11563894152641296
199,0.9519197940826416,0.1150597408413887
200,0.9516631364822388,0.116267628967762
201,0.952517032623291,0.11375167220830917
202,0.9517421126365662,0.11516588181257248
203,0.9517371654510498,0.11581458896398544
204,0.9521320462226868,0.1145956814289093
205,0.9527292847633362,0.1135736033320427
206,0.9526108503341675,0.11305642127990723
207,0.9519691467285156,0.11492539197206497
208,0.9527835845947266,0.11266005784273148
209,0.9523985981941223,0.11420529335737228
210,0.9524973034858704,0.11341569572687149
211,0.9525762796401978,0.11388641595840454
212,0.9532524943351746,0.11246871203184128
213,0.9526749849319458,0.11272361129522324
214,0.9529069662094116,0.11377129703760147
215,0.9533018469810486,0.11192823946475983
216,0.9526947140693665,0.11343556642532349
217,0.9531636238098145,0.11310064792633057
218,0.9531340003013611,0.11189604550600052
219,0.9528230428695679,0.11306299269199371
220,0.9530303478240967,0.1125253289937973
221,0.9540718197822571,0.11100994795560837
222,0.953035295009613,0.11249961704015732
223,0.9532722234725952,0.11107621341943741
224,0.9528921842575073,0.1127302348613739
225,0.9535831809043884,0.11074583232402802
226,0.9536374807357788,0.1120162308216095
227,0.9539188146591187,0.1115853488445282
228,0.9535239338874817,0.11119579523801804
229,0.9538053274154663,0.1120709627866745
230,0.95343017578125,0.11107515543699265
231,0.9539583325386047,0.11136315017938614
232,0.953528881072998,0.111175537109375
233,0.9541507959365845,0.10998334735631943
234,0.9541903138160706,0.11069032549858093
235,0.9539434909820557,0.11066418141126633
236,0.9538348913192749,0.11172115057706833
237,0.9540866613388062,0.11086779087781906
238,0.9541211724281311,0.11049078404903412
239,0.95380038022995,0.11225245147943497
240,0.9544815421104431,0.10944923013448715
241,0.9543827772140503,0.10933338105678558
242,0.9541162848472595,0.1099434420466423
243,0.9544765949249268,0.10930810868740082
244,0.9541261196136475,0.11186719685792923
245,0.9546888470649719,0.10892189294099808
246,0.954392671585083,0.10971691459417343
247,0.9548023343086243,0.10957130789756775
248,0.9541507959365845,0.1096503958106041
249,0.9544716477394104,0.10993155837059021
250,0.95441734790802,0.1093456819653511
251,0.9549948573112488,0.10818611085414886
252,0.9549553394317627,0.10844417661428452
253,0.9546345472335815,0.10891162604093552
254,0.9546246528625488,0.10860976576805115
255,0.9552021622657776,0.10862018167972565
256,0.9550392627716064,0.10762206465005875
257,0.954442024230957,0.10894341766834259
258,0.9545900821685791,0.10996551811695099
259,0.9553897380828857,0.10725226998329163
260,0.9550491571426392,0.10717251151800156
261,0.9552268385887146,0.10739646106958389
262,0.954861581325531,0.10794531553983688
263,0.9556760191917419,0.1072240099310875
264,0.9543581008911133,0.10943480581045151
265,0.9553008675575256,0.10754457861185074
266,0.9550886154174805,0.10813578218221664
267,0.9547430872917175,0.10969161987304688
268,0.9553354382514954,0.10771653056144714
269,0.9556957483291626,0.10730855166912079
270,0.9557055830955505,0.10617710649967194
271,0.9550293684005737,0.10780424624681473
272,0.9553354382514954,0.1081475168466568
273,0.9558191299438477,0.107000932097435
274,0.9556217193603516,0.1065453365445137
275,0.955429196357727,0.10723299533128738
276,0.954886257648468,0.10866605490446091
277,0.9556661248207092,0.1061917394399643
278,0.9560116529464722,0.10558103024959564
279,0.9554538726806641,0.10815004259347916
280,0.9555525779724121,0.10708313435316086
281,0.9558438062667847,0.10572342574596405
282,0.9559820294380188,0.10633645951747894
283,0.9552712440490723,0.10747896879911423
284,0.9558931589126587,0.10611673444509506
285,0.9560560584068298,0.10558928549289703
286,0.9556217193603516,0.1067994013428688
287,0.9561350345611572,0.10573575645685196
288,0.9561054110527039,0.1056603416800499
289,0.9554736018180847,0.10690843313932419
290,0.9562287926673889,0.1058049201965332
291,0.9567075967788696,0.10471037030220032
292,0.9561646580696106,0.10596105456352234
293,0.9556019306182861,0.10629624873399734
294,0.9565101265907288,0.10508272051811218
295,0.9564213156700134,0.10519222915172577
296,0.956317663192749,0.10647163540124893
297,0.9561794400215149,0.10534732043743134
298,0.9559474587440491,0.10561305284500122
299,0.9563226103782654,0.10656711459159851
300,0.956367015838623,0.10551735013723373
301,0.956327497959137,0.1048540323972702
302,0.9559080004692078,0.10520286113023758
303,0.9565792679786682,0.10566888004541397
304,0.9559277296066284,0.10530467331409454
305,0.9562584161758423,0.10474806278944016
306,0.9565842151641846,0.1044553890824318
307,0.9566532969474792,0.1040293276309967
308,0.9565595388412476,0.10426352173089981
309,0.9566039443016052,0.10422003269195557
310,0.9564706683158875,0.10530968755483627
311,0.9564213156700134,0.10463529080152512
312,0.9563916921615601,0.10462205111980438
313,0.956243634223938,0.10398779064416885
314,0.9565150737762451,0.10521257668733597
315,0.9564509391784668,0.10490916669368744
316,0.956687867641449,0.10418472439050674
317,0.9572356939315796,0.10259037464857101
318,0.9567075967788696,0.10402221232652664
319,0.956771731376648,0.10453979671001434
320,0.9571222066879272,0.10339954495429993
321,0.9570136070251465,0.1039121001958847
322,0.9571320414543152,0.10379572212696075
323,0.9568704962730408,0.10385420173406601
324,0.9567766785621643,0.10430296510457993
325,0.9574282169342041,0.10360501706600189
326,0.9567816257476807,0.1040584072470665
327,0.9569296836853027,0.10399485379457474
328,0.9569395780563354,0.10310173779726028
329,0.956663191318512,0.10373282432556152
330,0.9568161964416504,0.10418298840522766
331,0.9570679068565369,0.10450027883052826
332,0.9571666121482849,0.10505928844213486
333,0.9565496444702148,0.10369556397199631
334,0.9573689699172974,0.1024569496512413
335,0.9572110176086426,0.1025567576289177
336,0.9566730260848999,0.10321389883756638
337,0.9570925831794739,0.10298887640237808
338,0.9570283889770508,0.1035335585474968
339,0.9575960636138916,0.10160405188798904
340,0.9574381113052368,0.10212802141904831
341,0.9569247364997864,0.10268609970808029
342,0.9577934741973877,0.10255315154790878
343,0.9575515985488892,0.10226446390151978
344,0.9571765065193176,0.10291481763124466
345,0.9576552510261536,0.10291815549135208
346,0.9574972987174988,0.10133867710828781
347,0.9574479460716248,0.10213582962751389
348,0.9573097825050354,0.10409724712371826
349,0.9577144980430603,0.10259956121444702
350,0.9578971266746521,0.102235808968544
351,0.9574282169342041,0.10202260315418243
352,0.9573887586593628,0.1015397310256958
353,0.9575960636138916,0.10285504162311554
354,0.9575269222259521,0.10200811177492142
355,0.9578230977058411,0.10208325833082199
356,0.9576207399368286,0.10185837000608444
357,0.9573640823364258,0.10536926984786987
358,0.957798421382904,0.10163744539022446
359,0.9576256275177002,0.10117635875940323
360,0.9578773975372314,0.10204658657312393
361,0.9578527212142944,0.10205965489149094
362,0.957329511642456,0.10262797027826309
363,0.9578132033348083,0.1013563722372055
364,0.9580797553062439,0.10221191495656967
365,0.9575022459030151,0.10153572261333466
366,0.9579119086265564,0.10183624923229218
367,0.9580945372581482,0.10093117505311966
368,0.9578576683998108,0.10134582221508026
369,0.9573245644569397,0.10398700833320618
370,0.9580550789833069,0.09995976090431213
371,0.9578872323036194,0.10123974829912186
372,0.9581093788146973,0.10121461004018784
373,0.9579316973686218,0.10057567805051804
374,0.9578477740287781,0.10144434124231339
375,0.9583166837692261,0.1001618504524231
376,0.9578675031661987,0.1012810692191124
377,0.9580797553062439,0.10122009366750717
378,0.9581143260002136,0.10027790069580078
379,0.958252489566803,0.10034871101379395
380,0.9582377076148987,0.10074181109666824
381,0.958203136920929,0.10099973529577255
382,0.9584993124008179,0.10056240111589432
383,0.9581636786460876,0.10080184787511826
384,0.9585733413696289,0.0992816612124443
385,0.958203136920929,0.10020573437213898
386,0.9587658643722534,0.0989636704325676
387,0.9581291079521179,0.10119971632957458
388,0.9582228660583496,0.0998741015791893
389,0.9583067893981934,0.1002434715628624
390,0.9582377076148987,0.10060086846351624
391,0.9581340551376343,0.10036609321832657
392,0.9584943652153015,0.0999751165509224
393,0.9581587314605713,0.1002732664346695
394,0.9577144980430603,0.10253028571605682
395,0.9583907127380371,0.09958233684301376
396,0.9582130312919617,0.10052423179149628
397,0.958696722984314,0.09942588955163956
398,0.9584549069404602,0.10034047812223434
399,0.9582969546318054,0.09984312206506729
400,0.9589435458183289,0.09916314482688904
401,0.9582327604293823,0.10033034533262253
402,0.9591310620307922,0.09937843680381775
403,0.9584054946899414,0.09980796277523041
404,0.9581390023231506,0.09921491146087646
405,0.9585190415382385,0.10017085075378418
406,0.9587609171867371,0.09924323111772537
407,0.9585091471672058,0.10014194995164871
408,0.958820104598999,0.09883321076631546
409,0.9587658643722534,0.09893114864826202
410,0.9585338234901428,0.10053100436925888
411,0.9587806463241577,0.09902877360582352
412,0.95827716588974,0.10190977156162262
413,0.9582623839378357,0.099727101624012
414,0.9586325883865356,0.10003964602947235
415,0.9590126276016235,0.09849689155817032
416,0.9590027332305908,0.09965171664953232
417,0.9586079120635986,0.10015245527029037
418,0.9592248797416687,0.09806112200021744
419,0.958820104598999,0.09910484403371811
420,0.9585338234901428,0.09996795654296875
421,0.9584746360778809,0.10099593549966812
422,0.9588842988014221,0.09919685125350952
423,0.9588990807533264,0.09764610230922699
424,0.9586079120635986,0.09952190518379211
425,0.9586670994758606,0.0986461192369461
426,0.9585387706756592,0.10048093646764755
427,0.9585140943527222,0.10138808935880661
428,0.9588003754615784,0.09939911961555481
429,0.9588003754615784,0.09816330671310425
430,0.959165632724762,0.09777485579252243
431,0.9587609171867371,0.09897542744874954
432,0.9588990807533264,0.0988018810749054
433,0.9585634469985962,0.1000450924038887
434,0.9593482613563538,0.09805472195148468
435,0.9585782885551453,0.10025613009929657
436,0.9590225219726562,0.09876035898923874
437,0.9591360092163086,0.09784834086894989
438,0.958672046661377,0.10230159014463425
439,0.9593581557273865,0.0973188653588295
440,0.9591063857078552,0.09905513375997543
441,0.9587164521217346,0.09975022822618484
442,0.9589040279388428,0.09784939140081406
443,0.959165632724762,0.098683200776577
444,0.9588398933410645,0.09978954493999481
445,0.9591606855392456,0.09894555807113647
446,0.9589237570762634,0.09933531284332275
447,0.9591508507728577,0.09819769114255905
448,0.9590027332305908,0.09840100258588791
449,0.9591014981269836,0.0990852415561676
450,0.9595161080360413,0.09793948382139206
451,0.9589780569076538,0.09695735573768616
452,0.9585486650466919,0.10069926828145981
453,0.959214985370636,0.09833008795976639
454,0.9591952562332153,0.09717931598424911
455,0.9590866565704346,0.09941820800304413
456,0.9594420790672302,0.09757691621780396
457,0.9589385986328125,0.09873798489570618
458,0.9594075083732605,0.09800955653190613
459,0.9598961472511292,0.09704946726560593
460,0.9596394896507263,0.09663739800453186
461,0.9591853618621826,0.0980391725897789
462,0.9589731693267822,0.09919700771570206
463,0.9594173431396484,0.09763852506875992
464,0.9588892459869385,0.10065654665231705
465,0.9598813652992249,0.09627038240432739
466,0.9596789479255676,0.09647685289382935
467,0.9593679904937744,0.09760697185993195
468,0.9593186378479004,0.0969274565577507
469,0.9579908847808838,0.10221614688634872
470,0.9597283005714417,0.09695758670568466
471,0.9588003754615784,0.09970533847808838
472,0.9594173431396484,0.09701013565063477
473,0.959733247756958,0.09673694521188736
474,0.9592594504356384,0.09762737900018692
475,0.958820104598999,0.10040173679590225
476,0.9594864845275879,0.09751246124505997
477,0.9590866565704346,0.09819230437278748
478,0.9600244760513306,0.09684980660676956
479,0.959782600402832,0.09626808017492294
480,0.95926433801651,0.09892796725034714
481,0.9591508507728577,0.09853556752204895
482,0.9590718746185303,0.09793252497911453
483,0.959674060344696,0.0972149595618248
484,0.9599751234054565,0.09668243676424026
485,0.9595555663108826,0.09680404514074326
486,0.9597924947738647,0.09707459062337875
487,0.9594272375106812,0.09744274616241455
488,0.9598813652992249,0.0964454710483551
489,0.9595901370048523,0.09686440974473953
490,0.9594963192939758,0.09766873717308044
491,0.9594272375106812,0.09720825403928757
492,0.9602959752082825,0.09584784507751465
493,0.9595012664794922,0.09706831723451614
494,0.95963454246521,0.09828280657529831
495,0.9599208235740662,0.0981447845697403
496,0.9596691131591797,0.09629789739847183
497,0.959313690662384,0.0966988056898117
498,0.9598714709281921,0.09644188731908798
499,0.9595111608505249,0.09812381863594055
500,0.9597924947738647,0.09723325818777084
501,0.9600195288658142,0.09608516097068787
502,0.9598122239112854,0.09668079763650894
503,0.9593532085418701,0.09822748601436615
504,0.9600047469139099,0.0956525057554245
505,0.9588892459869385,0.09943941235542297
506,0.9598665237426758,0.095955990254879
507,0.9605279564857483,0.09608997404575348
508,0.9594321846961975,0.09709269553422928
509,0.9596444368362427,0.09685735404491425
510,0.9603798389434814,0.09532096236944199
511,0.9595209956169128,0.09577862918376923
512,0.9600096940994263,0.096766397356987
513,0.9600244760513306,0.09682662039995193
514,0.9600688815116882,0.09608939290046692
515,0.9598862528800964,0.09900545328855515
516,0.9602614045143127,0.09585337340831757
517,0.9600688815116882,0.09641529619693756
518,0.9601577520370483,0.09540744870901108
519,0.9595851898193359,0.09762027859687805
520,0.9603453278541565,0.09451918303966522
521,0.9599158763885498,0.09736689180135727
522,0.9597283005714417,0.09688323736190796
523,0.9599257707595825,0.09690297394990921
524,0.960226833820343,0.09713698923587799
525,0.9598221182823181,0.09700882434844971
526,0.9596691131591797,0.09678345918655396
527,0.9593384265899658,0.09815143793821335
528,0.95926433801651,0.09860704094171524
529,0.9603206515312195,0.09475304186344147
530,0.9603650569915771,0.09462589025497437
531,0.9600639939308167,0.09606161713600159
532,0.9594568610191345,0.09763004630804062
533,0.9605871438980103,0.09396885335445404
534,0.9596246480941772,0.0967319905757904
535,0.9600935578346252,0.09640862792730331
536,0.9600639939308167,0.09552407264709473
537,0.9597974419593811,0.09638817608356476
538,0.9602218866348267,0.09467144310474396
539,0.9599751234054565,0.09702728688716888
540,0.9596197605133057,0.0973241999745369
541,0.9604489803314209,0.09521259367465973
542,0.959313690662384,0.0989745557308197
543,0.9605131149291992,0.09573893249034882
544,0.9603502750396729,0.09532544761896133
545,0.9600145816802979,0.0961402878165245
546,0.960177481174469,0.0950491726398468
547,0.9603650569915771,0.09549827873706818
548,0.9599751234054565,0.09598295390605927
549,0.9599010944366455,0.09546519070863724
550,0.9602071046829224,0.0958324521780014
551,0.9595111608505249,0.0971025824546814
552,0.9603897333145142,0.09480562061071396
553,0.9596888422966003,0.09761516004800797
554,0.9597431421279907,0.0969933345913887
555,0.9602317810058594,0.09520323574542999
556,0.959659218788147,0.09664221853017807
557,0.9599800705909729,0.09613323956727982
558,0.9603058099746704,0.09457516670227051
559,0.9604539275169373,0.09482266008853912
560,0.9597727656364441,0.0968668982386589
561,0.9602169990539551,0.09545101970434189
562,0.9603058099746704,0.09514843672513962
563,0.9604094624519348,0.09636438637971878
564,0.9600195288658142,0.09577658772468567
565,0.9594618082046509,0.09803503751754761
566,0.9607747197151184,0.0933653861284256
567,0.9601626992225647,0.09675320237874985
568,0.9605575799942017,0.09496655315160751
569,0.9608240723609924,0.09249894320964813
570,0.9599158763885498,0.09668430685997009
571,0.9601330757141113,0.09539272636175156
572,0.9599307179450989,0.09611784666776657
573,0.9601478576660156,0.09606433659791946
574,0.9606118202209473,0.09367544203996658
575,0.9598615765571594,0.09827229380607605
576,0.9592791795730591,0.09788835048675537
577,0.9600935578346252,0.09566252678632736
578,0.9605329036712646,0.09641136974096298
579,0.9608043432235718,0.09317786246538162
580,0.9602466225624084,0.09590569883584976
581,0.9610017538070679,0.09477429836988449
582,0.9602712988853455,0.09628310054540634
583,0.9605575799942017,0.09601233899593353
584,0.9603946805000305,0.09554040431976318
585,0.9603996276855469,0.09431719779968262
586,0.9591162800788879,0.10298573970794678
587,0.9607796669006348,0.09514328092336655
588,0.9604045152664185,0.09414743632078171
589,0.9600244760513306,0.09520911425352097
590,0.9605427384376526,0.09467180073261261
591,0.9608438611030579,0.09385654330253601
592,0.9595950841903687,0.09716417640447617
593,0.9600985050201416,0.09546495229005814
594,0.9599504470825195,0.09667925536632538
595,0.9603502750396729,0.09485098719596863
596,0.9603897333145142,0.09565871208906174
597,0.9604045152664185,0.09546565264463425
598,0.961041271686554,0.09280389547348022
599,0.9603107571601868,0.09735452383756638
600,0.9608882665634155,0.09424018114805222
601,0.9603650569915771,0.0965251475572586
602,0.9597777128219604,0.09766549617052078
603,0.9604687094688416,0.09552382677793503
604,0.9601182341575623,0.09754730761051178
605,0.9602663516998291,0.0966825932264328
606,0.960572361946106,0.09416234493255615
607,0.9606809616088867,0.09378475695848465
608,0.9601577520370483,0.09533476829528809
609,0.9604243040084839,0.09586089104413986
610,0.960226833820343,0.09471610933542252
611,0.9605871438980103,0.09602628648281097
612,0.9600590467453003,0.09704174846410751
613,0.9602169990539551,0.09753058850765228
614,0.9610955715179443,0.09416922181844711
615,0.9601083993911743,0.09704462438821793
616,0.9611794948577881,0.09279093146324158
617,0.9605081677436829,0.09619898349046707
618,0.9608290195465088,0.09401402622461319
619,0.9609277248382568,0.09494634717702866
620,0.9608783721923828,0.09377076476812363
621,0.9608043432235718,0.09384015947580338
622,0.9599109292030334,0.09707791358232498
623,0.9610758423805237,0.09336168318986893
624,0.9604786038398743,0.09430035948753357
625,0.9608685374259949,0.09404904395341873
626,0.96025151014328,0.09511053562164307
627,0.9606118202209473,0.09397879242897034
628,0.9609524011611938,0.09371122717857361
629,0.9604539275169373,0.09524473547935486
630,0.9607549905776978,0.09468679875135422
631,0.9595555663108826,0.10036478191614151
632,0.9590027332305908,0.10867958515882492
633,0.960078775882721,0.09680594503879547
634,0.960152804851532,0.09693378955125809
635,0.9596937894821167,0.0969124585390091
636,0.9603354334831238,0.09611359238624573
637,0.960103452205658,0.09615839272737503
638,0.9601182341575623,0.0952710509300232
639,0.9603650569915771,0.09577558189630508
640,0.9610264897346497,0.09399771690368652
641,0.960597038269043,0.09533273428678513
642,0.9603996276855469,0.09474357217550278
643,0.9614213109016418,0.09297966212034225
644,0.9600294232368469,0.09947072714567184
645,0.9607253670692444,0.09540902078151703
646,0.9609919190406799,0.09479845315217972
647,0.9602959752082825,0.09534420818090439
648,0.9608783721923828,0.09344220161437988
649,0.9603996276855469,0.09522604197263718
650,0.9608191847801208,0.09393308311700821
651,0.9605526328086853,0.09630179405212402
652,0.9608932137489319,0.09463188797235489
653,0.9608635902404785,0.0939214825630188
654,0.9601478576660156,0.09529320150613785
655,0.9611350297927856,0.09267755597829819
656,0.9605526328086853,0.09649579972028732
657,0.9611103534698486,0.09380979835987091
658,0.9603996276855469,0.09712309390306473
659,0.9587016701698303,0.10526244342327118
660,0.9606907963752747,0.09937281906604767
661,0.9606513381004333,0.09467308968305588
662,0.9606019854545593,0.09535540640354156
663,0.9607500433921814,0.09464507550001144
664,0.960671067237854,0.09519822895526886
665,0.9606859087944031,0.0935560092329979
666,0.9606760144233704,0.09550636261701584
667,0.9602416753768921,0.09887054562568665
668,0.9610708951950073,0.09386684000492096
669,0.9609376192092896,0.09319522976875305
670,0.961090624332428,0.09363485872745514
671,0.9610708951950073,0.09342306852340698
672,0.9606167674064636,0.09473684430122375
673,0.9605427384376526,0.09534457325935364
674,0.9603206515312195,0.09526632726192474
675,0.9607993960380554,0.09543480724096298
676,0.9609622955322266,0.09408080577850342
677,0.9603354334831238,0.09562435001134872
678,0.9607599377632141,0.09558077901601791
679,0.9609919190406799,0.09387411922216415
680,0.9613867998123169,0.09274925291538239
681,0.9604390859603882,0.09584546834230423
682,0.9605279564857483,0.09546037018299103
683,0.9608290195465088,0.0947648212313652
684,0.9611942768096924,0.09343362599611282
685,0.9609228372573853,0.0964154377579689
686,0.9603897333145142,0.09608833491802216
687,0.9612683057785034,0.09789353609085083
688,0.9600244760513306,0.09938061237335205
689,0.9604933857917786,0.09598031640052795
690,0.9617026448249817,0.09200580418109894
691,0.960769772529602,0.09468121081590652
692,0.9591853618621826,0.10148024559020996
693,0.960152804851532,0.09577318280935287
694,0.9608438611030579,0.0937400832772255
695,0.9609030485153198,0.09456612169742584
696,0.9601182341575623,0.09787169843912125
697,0.9609475135803223,0.09416624903678894
698,0.9612535238265991,0.094122014939785
699,0.9611005187034607,0.09285909682512283
700,0.9608240723609924,0.0935673639178276
701,0.9611794948577881,0.0932736024260521
702,0.9609129428863525,0.09359905123710632
703,0.9616977572441101,0.09454194456338882
704,0.9612041711807251,0.09378431737422943
705,0.9609079957008362,0.09409338235855103
706,0.9611301422119141,0.09255436807870865
707,0.9600393176078796,0.09890533983707428
708,0.961214005947113,0.09256140142679214
709,0.9615941047668457,0.09233187884092331
710,0.9603453278541565,0.09623368084430695
711,0.9614855051040649,0.09194473177194595
712,0.9613621234893799,0.09277767688035965
713,0.9615200757980347,0.09160739183425903
714,0.9600442051887512,0.09816502034664154
715,0.9610511660575867,0.09395063668489456
716,0.9602860808372498,0.09522702544927597
717,0.9606859087944031,0.09328170865774155
718,0.9614953398704529,0.0938807800412178
719,0.9606859087944031,0.09444183111190796
720,0.961682915687561,0.09143302589654922
721,0.9598813652992249,0.1031254306435585
722,0.9603897333145142,0.09583130478858948
723,0.961214005947113,0.09217958897352219
724,0.9614558815956116,0.09257145971059799
725,0.960720419883728,0.09356825053691864
726,0.9603946805000305,0.09560607373714447
727,0.9610610008239746,0.09466706961393356
728,0.961090624332428,0.09388480335474014
729,0.9609770774841309,0.09332691133022308
730,0.9616681337356567,0.09241786599159241
731,0.9608981013298035,0.09407857060432434
732,0.9613670110702515,0.09281843155622482
733,0.960769772529602,0.09524837136268616
734,0.9608389139175415,0.09494352340698242
735,0.9607895612716675,0.09452912956476212
736,0.961658239364624,0.09192903339862823
737,0.961041271686554,0.09337244182825089
738,0.9604489803314209,0.09678957611322403
739,0.961139976978302,0.0932789072394371
740,0.9606760144233704,0.09344127774238586
741,0.9611794948577881,0.09273635596036911
742,0.9606859087944031,0.09521292895078659
743,0.9614608287811279,0.09248893707990646
744,0.9608438611030579,0.09427189081907272
745,0.9604094624519348,0.096341073513031
746,0.9618655443191528,0.09100759029388428
747,0.9612337946891785,0.09480960667133331
748,0.9612831473350525,0.09257050603628159
749,0.9601972103118896,0.09566161036491394
750,0.9613078236579895,0.09387660026550293
751,0.9611942768096924,0.09198355674743652
752,0.9615989923477173,0.09238764643669128
753,0.9610610008239746,0.0943649560213089
754,0.9614855051040649,0.09211363643407822
755,0.9595752954483032,0.09960120916366577
756,0.9607993960380554,0.09304220229387283
757,0.960636556148529,0.09627117216587067
758,0.961189329624176,0.09245673567056656
759,0.9599208235740662,0.0977441594004631
760,0.9616385102272034,0.09171608090400696
761,0.9618161916732788,0.09117662161588669
762,0.9608339667320251,0.09498126804828644
763,0.9593631029129028,0.11534354835748672
764,0.9603058099746704,0.09571077674627304
765,0.9616977572441101,0.09176869690418243
766,0.9603157043457031,0.09555207192897797
767,0.9612584710121155,0.09175629168748856
768,0.9612090587615967,0.09247824549674988
769,0.9617125391960144,0.09277066588401794
770,0.9619148969650269,0.09129462391138077
771,0.960720419883728,0.09483501315116882
772,0.961139976978302,0.09619906544685364
773,0.9611350297927856,0.09304795414209366
774,0.9613127112388611,0.09356309473514557
775,0.9612239003181458,0.09313833713531494
776,0.9613867998123169,0.09324703365564346
777,0.9618408679962158,0.09184899181127548
778,0.9609277248382568,0.09531833231449127
779,0.9615941047668457,0.0926576554775238
780,0.9608833193778992,0.09592239558696747
781,0.9617520570755005,0.0917067751288414
782,0.961189329624176,0.09423679113388062
783,0.9603453278541565,0.09495081007480621
784,0.9614312052726746,0.09268366545438766
785,0.961682915687561,0.09347850829362869
786,0.9611597061157227,0.09398799389600754
787,0.9611103534698486,0.0953378900885582
788,0.9598171710968018,0.10406126827001572
789,0.9609425663948059,0.10033413022756577
790,0.9610116481781006,0.09407102316617966
791,0.9609622955322266,0.09191775321960449
792,0.9611794948577881,0.09216556698083878
793,0.9600047469139099,0.09775213897228241
794,0.9617125391960144,0.09295080602169037
795,0.9612732529640198,0.0934305489063263
796,0.961090624332428,0.09444154798984528
797,0.961189329624176,0.09350579977035522
798,0.9618161916732788,0.0904494896531105
799,0.9610313773155212,0.09464354813098907
800,0.9618852734565735,0.09281114488840103
801,0.9613571763038635,0.09290183335542679
802,0.9615151286125183,0.09310439229011536
803,0.9611794948577881,0.09367712587118149
804,0.9608438611030579,0.0938607007265091
805,0.9619938731193542,0.09100694209337234
806,0.9613522291183472,0.09524137526750565
807,0.9613078236579895,0.09230919182300568
808,0.9619938731193542,0.09127000719308853
809,0.9615398049354553,0.09206897020339966
810,0.9620827436447144,0.09064970910549164
811,0.9612584710121155,0.0931045338511467
812,0.9615891575813293,0.09160646796226501
813,0.9614164233207703,0.09380611032247543
814,0.9606316089630127,0.09328530728816986
815,0.9599158763885498,0.09756717085838318
816,0.9608586430549622,0.09330669790506363
817,0.9611103534698486,0.09501272439956665
818,0.960167646408081,0.09582658857107162
819,0.9616385102272034,0.09245086461305618
820,0.9617471098899841,0.09242497384548187
821,0.9617865681648254,0.09147319942712784
822,0.9611745476722717,0.0946258082985878
823,0.96123868227005,0.09343216568231583
824,0.9616039395332336,0.09251619875431061
825,0.9617322683334351,0.09127046167850494
826,0.9616187810897827,0.09171471744775772
827,0.9614213109016418,0.09362534433603287
828,0.9612337946891785,0.09490299224853516
829,0.9606809616088867,0.09573386609554291
830,0.9613522291183472,0.09356848150491714
831,0.9610610008239746,0.09469147026538849
832,0.9614855051040649,0.09328026324510574
833,0.961682915687561,0.0932488664984703
834,0.9607599377632141,0.09531476348638535
835,0.9619544148445129,0.0913393571972847
836,0.9608932137489319,0.10390079766511917
837,0.961214005947113,0.09448125958442688
838,0.9614015817642212,0.09351511299610138
839,0.96062171459198,0.09648576378822327
840,0.9608142375946045,0.09464896470308304
841,0.961090624332428,0.09404405951499939
842,0.9610560536384583,0.09327199310064316
843,0.9610955715179443,0.09347813576459885
844,0.9607154726982117,0.09422320872545242
845,0.9612485766410828,0.09450560063123703
846,0.9613916873931885,0.09302613884210587
847,0.9608487486839294,0.09258173406124115
848,0.9611005187034607,0.09420504420995712
849,0.9615398049354553,0.09177689999341965
850,0.9613571763038635,0.09316470474004745
851,0.9608142375946045,0.0953170582652092
852,0.9607056379318237,0.09551294147968292
853,0.9613966345787048,0.09412471204996109
854,0.9607352614402771,0.09309151768684387
855,0.9618803858757019,0.09160657227039337
856,0.9609425663948059,0.09578148275613785
857,0.9606118202209473,0.09527722746133804
858,0.9612979292869568,0.09328025579452515
859,0.9617372155189514,0.09159189462661743
860,0.9615200757980347,0.09323393553495407
861,0.9614213109016418,0.09134069085121155
862,0.9609425663948059,0.09728024899959564
863,0.9617273807525635,0.09144928306341171
864,0.961510181427002,0.09304261952638626
865,0.9614805579185486,0.09266462922096252
866,0.961115300655365,0.0939745232462883
867,0.9609030485153198,0.0946933850646019
868,0.9615398049354553,0.09144151955842972
869,0.960646390914917,0.09535454213619232
870,0.9615792632102966,0.09256494790315628
871,0.9613028764724731,0.09535249322652817
872,0.9613867998123169,0.0933242067694664
873,0.9619050621986389,0.0916547104716301
874,0.960276186466217,0.09624879062175751
875,0.9612041711807251,0.09260902553796768
876,0.9598171710968018,0.09884647279977798
877,0.9610807299613953,0.09466356784105301
878,0.9604588150978088,0.09581900388002396
879,0.9618458151817322,0.09089041501283646
880,0.9617273807525635,0.09176527708768845
881,0.9617520570755005,0.0922582820057869
882,0.9616681337356567,0.09295129030942917
883,0.9607056379318237,0.09416716545820236
884,0.9621814489364624,0.09091127663850784
885,0.9611449241638184,0.09240096807479858
886,0.9613226056098938,0.09334913641214371
887,0.9610560536384583,0.09384249895811081
888,0.9607895612716675,0.09533831477165222
889,0.9609672427177429,0.09397482872009277
890,0.9606859087944031,0.09491699188947678
891,0.96062171459198,0.09729354083538055
892,0.9623196721076965,0.09166992455720901
893,0.9599899053573608,0.09695446491241455
894,0.9613621234893799,0.09229370951652527
895,0.960547685623169,0.09618431329727173
896,0.9608191847801208,0.09353547543287277
897,0.9610363245010376,0.09228938072919846
898,0.9611202478408813,0.09297026693820953
899,0.9613571763038635,0.09218960255384445
900,0.960547685623169,0.09811434149742126
901,0.9599800705909729,0.09970376640558243
902,0.9599701762199402,0.09842506796121597
903,0.9610758423805237,0.09698966145515442
904,0.961707592010498,0.09298659861087799
905,0.9612979292869568,0.0938907191157341
906,0.9610017538070679,0.09485964477062225
907,0.9608833193778992,0.09424571692943573
908,0.9578280448913574,0.10647410154342651
909,0.9615545868873596,0.09347391873598099
910,0.9608734250068665,0.09554696828126907
911,0.9604341387748718,0.0958264023065567
912,0.9612584710121155,0.09217362105846405
913,0.9611794948577881,0.09365660697221756
914,0.9613818526268005,0.09253915399312973
915,0.9606760144233704,0.09598609805107117
916,0.9610462188720703,0.09473787248134613
917,0.9613867998123169,0.0942002460360527
918,0.9606907963752747,0.09444727003574371
919,0.9611548185348511,0.09466468542814255
920,0.9608389139175415,0.09537655860185623
921,0.9616484045982361,0.0925082191824913
922,0.9604736566543579,0.09455172717571259
923,0.9612782001495361,0.09403906762599945
924,0.9610807299613953,0.09430354088544846
925,0.9604144096374512,0.09591718018054962
926,0.9611449241638184,0.09306921064853668
927,0.9602416753768921,0.09597653150558472
928,0.9608635902404785,0.09294094145298004
929,0.9599652290344238,0.0980120524764061
930,0.9595605134963989,0.09724349528551102
931,0.9611301422119141,0.09183105081319809
932,0.9596246480941772,0.09978803247213364
933,0.9606316089630127,0.09454240649938583
934,0.961164653301239,0.09286759793758392
935,0.9610264897346497,0.09322354942560196
936,0.9603403806686401,0.09495142102241516
937,0.9608339667320251,0.09421969950199127
938,0.9606118202209473,0.09496814757585526
939,0.9603897333145142,0.09656497091054916
940,0.9603304862976074,0.09429482370615005
941,0.9604440331459045,0.09526456892490387
942,0.9610511660575867,0.09279906749725342
943,0.9607253670692444,0.09406079351902008
944,0.9604539275169373,0.0946609377861023
945,0.9604193568229675,0.09411897510290146
946,0.9613670110702515,0.09176614880561829
947,0.9609573483467102,0.09330853074789047
948,0.9601626992225647,0.10201433300971985
949,0.9603749513626099,0.09639187157154083
950,0.9609622955322266,0.09761861711740494
951,0.9610758423805237,0.09326339513063431
952,0.9590521454811096,0.11507916450500488
953,0.9595111608505249,0.09757110476493835
954,0.9611449241638184,0.09306959062814713
955,0.960202157497406,0.09585617482662201
956,0.960671067237854,0.0940578430891037
957,0.9595111608505249,0.09778142720460892
958,0.9612337946891785,0.09396695345640182
959,0.9606069326400757,0.09658526629209518
960,0.9601478576660156,0.09635068476200104
961,0.9598665237426758,0.09717850387096405
962,0.9610560536384583,0.09447874128818512
963,0.9597234129905701,0.09863235801458359
964,0.9608783721923828,0.09331542998552322
965,0.9595950841903687,0.10215213894844055
966,0.9613127112388611,0.09255112707614899
967,0.960167646408081,0.09607327729463577
968,0.960276186466217,0.0950765609741211
969,0.9613621234893799,0.09267822653055191
970,0.9608043432235718,0.09339985996484756
971,0.9616385102272034,0.09131086617708206
972,0.9599356651306152,0.09575846791267395
973,0.9608389139175415,0.09319658577442169
974,0.9606612324714661,0.0940086767077446
975,0.9606562852859497,0.09341079741716385
976,0.9613028764724731,0.09283477067947388
977,0.9605427384376526,0.09581458568572998
978,0.960276186466217,0.09490100294351578
979,0.9610610008239746,0.09427046030759811
980,0.9613621234893799,0.09240490198135376
981,0.9602564573287964,0.09499963372945786
982,0.9606414437294006,0.09490685164928436
983,0.9611696004867554,0.09349999576807022
984,0.9600886702537537,0.09508585184812546
985,0.9601824283599854,0.0943787470459938
986,0.9607402086257935,0.0958515927195549
987,0.9604933857917786,0.09685630351305008
988,0.9608685374259949,0.09418334066867828
989,0.9603107571601868,0.09583348780870438
990,0.9601577520370483,0.09654944390058517
991,0.9607105851173401,0.09630724042654037
992,0.9612979292869568,0.0930345207452774
993,0.9604193568229675,0.09607600420713425
994,0.9605575799942017,0.09480992704629898
995,0.9607154726982117,0.09316439926624298
996,0.9606809616088867,0.09310244023799896
997,0.9598615765571594,0.10030874609947205
998,0.96062171459198,0.09459944814443588
999,0.960276186466217,0.099586121737957
